{"_id":{"$oid":"5cd8442fa3127b325fb5f01c"},"filename":"/home/mes/envs/remotequad/agents/agent.py","md5":"0b552e6a9ab387b47ee7eb6655deef51","chunkSize":261120,"length":13745,"uploadDate":{"$date":"2019-05-12T16:05:03.121Z"}}
{"_id":{"$oid":"5cd8442fa3127b325fb5f01e"},"filename":"/home/mes/envs/remotequad/sacredrun.py","md5":"2278cfc48328837ee7d0f8c066b7b495","chunkSize":261120,"length":2758,"uploadDate":{"$date":"2019-05-12T16:05:03.124Z"}}
{"_id":{"$oid":"5cd8442fa3127b325fb5f020"},"filename":"/home/mes/envs/remotequad/task.py","md5":"9fefe9173c10947830ca9856869ff8c7","chunkSize":261120,"length":2713,"uploadDate":{"$date":"2019-05-12T16:05:03.126Z"}}
{"_id":{"$oid":"5cd84671a3127b3353aea808"},"filename":"/home/mes/envs/remotequad/sacredrun.py","md5":"7eb25ba749144fb4b88ba34db025d658","chunkSize":261120,"length":2783,"uploadDate":{"$date":"2019-05-12T16:14:41.815Z"}}
{"_id":{"$oid":"5cd846a3a3127b341753824b"},"filename":"/home/mes/envs/remotequad/sacredrun.py","md5":"2a59cb76da9428d7928633eb66205f6f","chunkSize":261120,"length":2788,"uploadDate":{"$date":"2019-05-12T16:15:31.518Z"}}
{"_id":{"$oid":"5cd8473ba3127b34dd9d0d11"},"filename":"/home/mes/envs/remotequad/sacredrun.py","md5":"fe53acb38081fb2a5975dc8433c85bd6","chunkSize":261120,"length":2848,"uploadDate":{"$date":"2019-05-12T16:18:03.346Z"}}
{"_id":{"$oid":"5cd8479ca3127b35a25d9729"},"filename":"/home/mes/envs/remotequad/sacredrun.py","md5":"006c238fdd7c9c44d779809544fcfc93","chunkSize":261120,"length":2787,"uploadDate":{"$date":"2019-05-12T16:19:40.489Z"}}
{"_id":{"$oid":"5cd84cf9a3127b39ea89767d"},"filename":"/home/mes/envs/remotequad/agents/agent.py","md5":"34c6d7b98f6cc469076bed7d212355e5","chunkSize":261120,"length":11839,"uploadDate":{"$date":"2019-05-12T16:42:33.004Z"}}
{"_id":{"$oid":"5cd84cf9a3127b39ea89767f"},"filename":"/home/mes/envs/remotequad/sacredrun.py","md5":"4ae43563acb4d82f353440b454a96150","chunkSize":261120,"length":3160,"uploadDate":{"$date":"2019-05-12T16:42:33.006Z"}}
{"_id":{"$oid":"5cd853b0a3127b3aeafc037f"},"filename":"/home/mes/envs/remotequad/sacredrun.py","md5":"118cebd290a71d859e5ae62eae5a833f","chunkSize":261120,"length":3185,"uploadDate":{"$date":"2019-05-12T17:11:12.289Z"}}
{"_id":{"$oid":"5cd85483a3127b3c0b617468"},"filename":"/home/mes/envs/remotequad/sacredrun.py","md5":"def74c67ec3df8fe0251e8a72c13bb61","chunkSize":261120,"length":3186,"uploadDate":{"$date":"2019-05-12T17:14:43.682Z"}}
{"_id":{"$oid":"5cd859d4a3127b3cbe605a40"},"filename":"/home/mes/envs/remotequad/sacredrun.py","md5":"01d8bf1acf377793295b740ab2e2a1cd","chunkSize":261120,"length":4263,"uploadDate":{"$date":"2019-05-12T17:37:24.871Z"}}
{"_id":{"$oid":"5cd859d4a3127b3cbe605a42"},"filename":"/home/mes/envs/remotequad/task.py","md5":"9523f3fb1ad761044c3aa688b9f2080c","chunkSize":261120,"length":2753,"uploadDate":{"$date":"2019-05-12T17:37:24.873Z"}}
{"_id":{"$oid":"5cd85a47a3127b3de877ccb9"},"filename":"/home/mes/envs/remotequad/task.py","md5":"721ec38270bb5ebd17913650c9d6e678","chunkSize":261120,"length":2752,"uploadDate":{"$date":"2019-05-12T17:39:19.960Z"}}
{"_id":{"$oid":"5cd85ae6a3127b3ec8fecb60"},"filename":"/home/mes/envs/remotequad/sacredrun.py","md5":"9f13cc1bd8f42ef651e9d17153fbc30f","chunkSize":261120,"length":4293,"uploadDate":{"$date":"2019-05-12T17:41:58.559Z"}}
{"_id":{"$oid":"5cd85bbca3127b3fad4f7fdd"},"filename":"/home/mes/envs/remotequad/sacredrun.py","md5":"86dab86b493b4e9ca135f13869f89d5d","chunkSize":261120,"length":4297,"uploadDate":{"$date":"2019-05-12T17:45:32.091Z"}}
{"_id":{"$oid":"5cd85c17a3127b407002ab7e"},"filename":"/home/mes/envs/remotequad/sacredrun.py","md5":"b507f82cef8ffdf74e16da617500d48d","chunkSize":261120,"length":4376,"uploadDate":{"$date":"2019-05-12T17:47:03.025Z"}}
{"_id":{"$oid":"5cd85cf7a3127b41425bb34d"},"filename":"/home/mes/envs/remotequad/sacredrun.py","md5":"7f186d90ad514dab2f18438e25027c31","chunkSize":261120,"length":4497,"uploadDate":{"$date":"2019-05-12T17:50:47.938Z"}}
{"_id":{"$oid":"5cd85fb3a3127b420e9d4774"},"filename":"/home/mes/envs/remotequad/sacredrun.py","md5":"d925727922cd9f42402a866b3050306e","chunkSize":261120,"length":4501,"uploadDate":{"$date":"2019-05-12T18:02:27.584Z"}}
{"_id":{"$oid":"5cd85fb3a3127b420e9d4776"},"filename":"/home/mes/envs/remotequad/task.py","md5":"4d079fe495e750976c98a5c0bcc3ae7e","chunkSize":261120,"length":2733,"uploadDate":{"$date":"2019-05-12T18:02:27.586Z"}}
{"_id":{"$oid":"5cd8634da3127b43fa62562c"},"filename":"/home/mes/envs/remotequad/task.py","md5":"10ec0d5dcf55b8a0610582f3feb0955b","chunkSize":261120,"length":2890,"uploadDate":{"$date":"2019-05-12T18:17:49.031Z"}}
{"_id":{"$oid":"5cd8663ea3127b45553978a7"},"filename":"/home/mes/envs/remotequad/sacredrun.py","md5":"dd3714faff3940fb7302089260ad0fdd","chunkSize":261120,"length":4590,"uploadDate":{"$date":"2019-05-12T18:30:22.798Z"}}
{"_id":{"$oid":"5cd86a79a3127b464915d5fe"},"filename":"/home/mes/envs/remotequad/sacredrun.py","md5":"695b655c0e1aace1d21dd3ac27650aba","chunkSize":261120,"length":4589,"uploadDate":{"$date":"2019-05-12T18:48:25.465Z"}}
{"_id":{"$oid":"5cd86a79a3127b464915d600"},"filename":"/home/mes/envs/remotequad/task.py","md5":"6e0b138620ddca627ce4b1dcc0c13920","chunkSize":261120,"length":2890,"uploadDate":{"$date":"2019-05-12T18:48:25.467Z"}}
{"_id":{"$oid":"5cd86fb7a3127b480f04249e"},"filename":"/home/mes/envs/remotequad/task.py","md5":"309d52ccabc3d0da8d3cff60ef104d70","chunkSize":261120,"length":2984,"uploadDate":{"$date":"2019-05-12T19:10:47.515Z"}}
{"_id":{"$oid":"5cd8750ca3127b4e60d0d361"},"filename":"/home/mes/envs/remotequad/sacredrun.py","md5":"ce9727c78a26e5cfc8d558e3b3a5e5ad","chunkSize":261120,"length":4675,"uploadDate":{"$date":"2019-05-12T19:33:32.754Z"}}
{"_id":{"$oid":"5cd87633a3127b4f25ee64ac"},"filename":"/home/mes/envs/remotequad/sacredrun.py","md5":"5c877d5e69828f1c42698d5582370d76","chunkSize":261120,"length":4676,"uploadDate":{"$date":"2019-05-12T19:38:27.505Z"}}
{"_id":{"$oid":"5cd87633a3127b4f25ee64ae"},"filename":"/home/mes/envs/remotequad/task.py","md5":"7300d630d6417ece38e4f4a1c8ec8c88","chunkSize":261120,"length":3099,"uploadDate":{"$date":"2019-05-12T19:38:27.507Z"}}
{"_id":{"$oid":"5cde811ea3127b8b0ae91fac"},"filename":"/home/mes/envs/remotequad/agents/__init__.py","md5":"d41d8cd98f00b204e9800998ecf8427e","chunkSize":261120,"length":0,"uploadDate":{"$date":"2019-05-17T09:38:38.880Z"}}
{"_id":{"$oid":"5cde811ea3127b8b0ae91fad"},"filename":"/home/mes/envs/remotequad/agents/agent.py","md5":"51c3b58d727eeda8fa8ccad596aded6c","chunkSize":261120,"length":12569,"uploadDate":{"$date":"2019-05-17T09:38:38.885Z"}}
{"_id":{"$oid":"5cde811ea3127b8b0ae91faf"},"filename":"/home/mes/envs/remotequad/sacredrun.py","md5":"dbee3b15e411eb2816fab2cbe007ec46","chunkSize":261120,"length":5901,"uploadDate":{"$date":"2019-05-17T09:38:38.887Z"}}
{"_id":{"$oid":"5cde811ea3127b8b0ae91fb1"},"filename":"/home/mes/envs/remotequad/task.py","md5":"16c8af1c914e8d5911dd61c71fc0ded9","chunkSize":261120,"length":3107,"uploadDate":{"$date":"2019-05-17T09:38:38.889Z"}}
{"_id":{"$oid":"5cde86d4a3127b8c9b533231"},"filename":"/home/mes/envs/remotequad/agents/agent.py","md5":"7165ad8c8f73bd586cf84107300e1846","chunkSize":261120,"length":12568,"uploadDate":{"$date":"2019-05-17T10:03:00.927Z"}}
{"_id":{"$oid":"5ce10bf8a3127b1629ac64b8"},"filename":"/home/mes/envs/remotequad/agents/agent.py","md5":"8d15c47b6523c13194e3095722aa0e64","chunkSize":261120,"length":11758,"uploadDate":{"$date":"2019-05-19T07:55:36.851Z"}}
{"_id":{"$oid":"5ce10bf8a3127b1629ac64ba"},"filename":"/home/mes/envs/remotequad/agents/policy_search.py","md5":"75418f0c888a1eeab0760ff6defe19be","chunkSize":261120,"length":1965,"uploadDate":{"$date":"2019-05-19T07:55:36.854Z"}}
{"_id":{"$oid":"5ce10bf8a3127b1629ac64bc"},"filename":"/home/mes/envs/remotequad/sacredrun.py","md5":"2a0ebad6ce11d9104f2a7d745791c3fa","chunkSize":261120,"length":6133,"uploadDate":{"$date":"2019-05-19T07:55:36.855Z"}}
{"_id":{"$oid":"5ce10bf8a3127b1629ac64be"},"filename":"/home/mes/envs/remotequad/task.py","md5":"b0682e39a1466e7925194710acc4131b","chunkSize":261120,"length":1969,"uploadDate":{"$date":"2019-05-19T07:55:36.857Z"}}
{"_id":{"$oid":"5ce117e6a3127b0ac9b30eff"},"filename":"/home/mes/envs/remotequad/sacredrun.py","md5":"c4b3166d77f23629a8e535db113289e5","chunkSize":261120,"length":6356,"uploadDate":{"$date":"2019-05-19T08:46:30.292Z"}}
{"_id":{"$oid":"5ce117e6a3127b0ac9b30f01"},"filename":"/home/mes/envs/remotequad/task.py","md5":"0a3e0228b3d28a4d5b79441280b79802","chunkSize":261120,"length":2324,"uploadDate":{"$date":"2019-05-19T08:46:30.294Z"}}
{"_id":{"$oid":"5ce11828a3127b0aec0e7c8f"},"filename":"/home/mes/envs/remotequad/sacredrun.py","md5":"6a5a6e372dd090825a46979585ffc408","chunkSize":261120,"length":6378,"uploadDate":{"$date":"2019-05-19T08:47:36.258Z"}}
{"_id":{"$oid":"5ce11875a3127b0afd2c0116"},"filename":"/home/mes/envs/remotequad/sacredrun.py","md5":"f9489695cf1a950469b8e5338ee8c740","chunkSize":261120,"length":6330,"uploadDate":{"$date":"2019-05-19T08:48:53.546Z"}}
{"_id":{"$oid":"5ce118a2a3127b0b0e697d81"},"filename":"/home/mes/envs/remotequad/sacredrun.py","md5":"f43ffc58bdc523460dcbbd5b48b48ff0","chunkSize":261120,"length":6448,"uploadDate":{"$date":"2019-05-19T08:49:38.927Z"}}
{"_id":{"$oid":"5ce125aea3127b0cf07d0988"},"filename":"/home/mes/envs/remotequad/sacredrun.py","md5":"af6507aa9b6b9b7d798cb42d44484141","chunkSize":261120,"length":6449,"uploadDate":{"$date":"2019-05-19T09:45:18.981Z"}}
{"_id":{"$oid":"5ce125d5a3127b0d80828d5d"},"filename":"/home/mes/envs/remotequad/task.py","md5":"39b8dcd9d4c80091e12c1943ee517428","chunkSize":261120,"length":2354,"uploadDate":{"$date":"2019-05-19T09:45:57.480Z"}}
{"_id":{"$oid":"5ce1264da3127b0e1464aec8"},"filename":"/home/mes/envs/remotequad/task.py","md5":"f9ab835ae2c7df138b749b3e72992038","chunkSize":261120,"length":2383,"uploadDate":{"$date":"2019-05-19T09:47:57.863Z"}}
{"_id":{"$oid":"5ce126a8a3127b0ea7113572"},"filename":"/home/mes/envs/remotequad/task.py","md5":"355ce331f999e84a2d84824470da95fe","chunkSize":261120,"length":2440,"uploadDate":{"$date":"2019-05-19T09:49:28.174Z"}}
{"_id":{"$oid":"5ce126b6a3127b0f39b4f912"},"filename":"/home/mes/envs/remotequad/task.py","md5":"016b99c1037718fb0bf25b4de6df0a26","chunkSize":261120,"length":2438,"uploadDate":{"$date":"2019-05-19T09:49:42.193Z"}}
{"_id":{"$oid":"5ce12917a3127b100084a485"},"filename":"/home/mes/envs/remotequad/task.py","md5":"1773e49a3a354dc99b1aacbf73f5054c","chunkSize":261120,"length":2604,"uploadDate":{"$date":"2019-05-19T09:59:51.893Z"}}
{"_id":{"$oid":"5ce129c0a3127b10ce3976ec"},"filename":"/home/mes/envs/remotequad/task.py","md5":"b75d1decb4b42c7d54359a468dcd534c","chunkSize":261120,"length":2647,"uploadDate":{"$date":"2019-05-19T10:02:40.811Z"}}
{"_id":{"$oid":"5ce12b55a3127b1184c3b030"},"filename":"/home/mes/envs/remotequad/task.py","md5":"d81f4268599f72eb7742fa38c17a5756","chunkSize":261120,"length":3369,"uploadDate":{"$date":"2019-05-19T10:09:25.956Z"}}
{"_id":{"$oid":"5ce12b92a3127b12466d1f07"},"filename":"/home/mes/envs/remotequad/sacredrun.py","md5":"06fe3bdd0f0a2e637e3d190d6ee88ad1","chunkSize":261120,"length":6447,"uploadDate":{"$date":"2019-05-19T10:10:26.581Z"}}
{"_id":{"$oid":"5ce12bcaa3127b13645acccf"},"filename":"/home/mes/envs/remotequad/task.py","md5":"099d213cd9427f87f5545c108890e931","chunkSize":261120,"length":3405,"uploadDate":{"$date":"2019-05-19T10:11:22.746Z"}}
{"_id":{"$oid":"5ce12c91a3127b142b523852"},"filename":"/home/mes/envs/remotequad/agents/agent.py","md5":"7f4b6f6069bea8502bc41f0229b3eea2","chunkSize":261120,"length":11796,"uploadDate":{"$date":"2019-05-19T10:14:41.081Z"}}
{"_id":{"$oid":"5ce12d78a3127b14f1785cd6"},"filename":"/home/mes/envs/remotequad/task.py","md5":"56920dfb4e7c346c814cc75252cfeb3f","chunkSize":261120,"length":3459,"uploadDate":{"$date":"2019-05-19T10:18:32.715Z"}}
{"_id":{"$oid":"5ce12dbba3127b15b2c5895e"},"filename":"/home/mes/envs/remotequad/sacredrun.py","md5":"8a5b0e2c73d5f008ba796fd1ff771375","chunkSize":261120,"length":6446,"uploadDate":{"$date":"2019-05-19T10:19:39.656Z"}}
{"_id":{"$oid":"5ce12e22a3127b16d8ecab62"},"filename":"/home/mes/envs/remotequad/sacredrun.py","md5":"510e1cfc5281cea616745e8da96e7638","chunkSize":261120,"length":6437,"uploadDate":{"$date":"2019-05-19T10:21:22.580Z"}}
{"_id":{"$oid":"5ce12eaea3127b17b247ad90"},"filename":"/home/mes/envs/remotequad/sacredrun.py","md5":"5dba65efa7ad54eadd12bb60c57b81e6","chunkSize":261120,"length":6437,"uploadDate":{"$date":"2019-05-19T10:23:42.120Z"}}
{"_id":{"$oid":"5ce13050a3127b1880dcf6b3"},"filename":"/home/mes/envs/remotequad/sacredrun.py","md5":"39e8748a7c6b8ad95ff79190381335ce","chunkSize":261120,"length":6437,"uploadDate":{"$date":"2019-05-19T10:30:40.837Z"}}
{"_id":{"$oid":"5ce1328ea3127b196a2f85cb"},"filename":"/home/mes/envs/remotequad/task.py","md5":"f01b59277635b26c2ad07928563cd3dd","chunkSize":261120,"length":3423,"uploadDate":{"$date":"2019-05-19T10:40:14.159Z"}}
{"_id":{"$oid":"5ce1372aa3127b1b91d726a4"},"filename":"/home/mes/envs/remotequad/task.py","md5":"7c9a4ac3ca65f6fedc1713809901eae7","chunkSize":261120,"length":3451,"uploadDate":{"$date":"2019-05-19T10:59:54.042Z"}}
{"_id":{"$oid":"5ce138eca3127b1c5ceb7b0c"},"filename":"/home/mes/envs/remotequad/sacredrun.py","md5":"764bef256a04628a8cb9de2b27433589","chunkSize":261120,"length":6440,"uploadDate":{"$date":"2019-05-19T11:07:24.832Z"}}
{"_id":{"$oid":"5ce13f79a3127b1d56509b68"},"filename":"/home/mes/envs/remotequad/sacredrun.py","md5":"9b02fbce60035fb62599856a42b392d7","chunkSize":261120,"length":6438,"uploadDate":{"$date":"2019-05-19T11:35:21.698Z"}}
{"_id":{"$oid":"5ce13fa6a3127b1edbb49c49"},"filename":"/home/mes/envs/remotequad/sacredrun.py","md5":"7b3a316eae6a193c2fbba76cebca9145","chunkSize":261120,"length":6438,"uploadDate":{"$date":"2019-05-19T11:36:06.818Z"}}
{"_id":{"$oid":"5ce14350a3127b1fd237f19b"},"filename":"/home/mes/envs/remotequad/agents/agent.py","md5":"bb274a4b3fd074ecae734df6672abf06","chunkSize":261120,"length":11879,"uploadDate":{"$date":"2019-05-19T11:51:44.757Z"}}
{"_id":{"$oid":"5ce1436da3127b1fe55b6118"},"filename":"/home/mes/envs/remotequad/agents/agent.py","md5":"600e6a2f097c54bfe4840508f6590ff0","chunkSize":261120,"length":11879,"uploadDate":{"$date":"2019-05-19T11:52:13.374Z"}}
{"_id":{"$oid":"5ce14440a3127b216cc8c8b6"},"filename":"/home/mes/envs/remotequad/agents/agent.py","md5":"6038866859a2f1844f473acca60649a9","chunkSize":261120,"length":12583,"uploadDate":{"$date":"2019-05-19T11:55:44.062Z"}}
{"_id":{"$oid":"5ce14478a3127b223c14cff6"},"filename":"/home/mes/envs/remotequad/sacredrun.py","md5":"d3038c2ecd47dc5362e366e3617fd432","chunkSize":261120,"length":6439,"uploadDate":{"$date":"2019-05-19T11:56:40.448Z"}}
{"_id":{"$oid":"5ce144caa3127b2364afaaa5"},"filename":"/home/mes/envs/remotequad/sacredrun.py","md5":"ddea4b277f9ccd950adf0d865b22da92","chunkSize":261120,"length":6438,"uploadDate":{"$date":"2019-05-19T11:58:02.532Z"}}
{"_id":{"$oid":"5ce1489ea3127b246989e824"},"filename":"/home/mes/envs/remotequad/agents/agent.py","md5":"8fed9ebfe726598119d73b92bcd2a4ed","chunkSize":261120,"length":12503,"uploadDate":{"$date":"2019-05-19T12:14:22.737Z"}}
{"_id":{"$oid":"5ce1489ea3127b246989e826"},"filename":"/home/mes/envs/remotequad/sacredrun.py","md5":"968fa0f403d27b3fdcf79c0983e196d7","chunkSize":261120,"length":6438,"uploadDate":{"$date":"2019-05-19T12:14:22.740Z"}}
{"_id":{"$oid":"5ce14ac4a3127b254137f153"},"filename":"/home/mes/envs/remotequad/agents/agent.py","md5":"67799e336c0868dfe3f6041c45c8c46c","chunkSize":261120,"length":12686,"uploadDate":{"$date":"2019-05-19T12:23:32.807Z"}}
{"_id":{"$oid":"5ce14ac4a3127b254137f155"},"filename":"/home/mes/envs/remotequad/sacredrun.py","md5":"65d3b8cc8e5945d4184c267c1a511246","chunkSize":261120,"length":6437,"uploadDate":{"$date":"2019-05-19T12:23:32.810Z"}}
{"_id":{"$oid":"5ce1591aa3127b2764ceee33"},"filename":"/home/mes/envs/remotequad/task.py","md5":"91d031640aa5f277132aace9096cf6a5","chunkSize":261120,"length":3453,"uploadDate":{"$date":"2019-05-19T13:24:42.529Z"}}
{"_id":{"$oid":"5ce15954a3127b2833ec1a55"},"filename":"/home/mes/envs/remotequad/task.py","md5":"bdf109828eeeac783d06ddf79f311b84","chunkSize":261120,"length":3453,"uploadDate":{"$date":"2019-05-19T13:25:40.626Z"}}
{"_id":{"$oid":"5ce159b2a3127b2903343818"},"filename":"/home/mes/envs/remotequad/task.py","md5":"5dd203bd1392f3ffbaa2aea327c4dd67","chunkSize":261120,"length":3520,"uploadDate":{"$date":"2019-05-19T13:27:14.021Z"}}
{"_id":{"$oid":"5ce15a3ea3127b29d17ee3f0"},"filename":"/home/mes/envs/remotequad/task.py","md5":"2bd7831cba0384c46c584cc4069de8be","chunkSize":261120,"length":3607,"uploadDate":{"$date":"2019-05-19T13:29:34.632Z"}}
{"_id":{"$oid":"5ce15a90a3127b2aa1f03204"},"filename":"/home/mes/envs/remotequad/task.py","md5":"7e0eebff5f6cdaec691b061b7df047b3","chunkSize":261120,"length":3605,"uploadDate":{"$date":"2019-05-19T13:30:56.137Z"}}
{"_id":{"$oid":"5ce15aeea3127b2ab71e583e"},"filename":"/home/mes/envs/remotequad/task.py","md5":"596e4140db4981370f3234f8be6fbe4f","chunkSize":261120,"length":3603,"uploadDate":{"$date":"2019-05-19T13:32:30.038Z"}}
{"_id":{"$oid":"5ce15c1fa3127b2be0ee04aa"},"filename":"/home/mes/envs/remotequad/task.py","md5":"968c4e5a1c67489dfe927ee779965d6a","chunkSize":261120,"length":3605,"uploadDate":{"$date":"2019-05-19T13:37:35.487Z"}}
{"_id":{"$oid":"5ce15fbea3127b2ce20538a2"},"filename":"/home/mes/envs/remotequad/agents/agent.py","md5":"1e6437f3e8d598aac11a9cd6e6c4b329","chunkSize":261120,"length":12545,"uploadDate":{"$date":"2019-05-19T13:53:02.745Z"}}
{"_id":{"$oid":"5ce160e2a3127b2db23ecde4"},"filename":"/home/mes/envs/remotequad/sacredrun.py","md5":"cb645a1981ab40177e69641160c10032","chunkSize":261120,"length":6437,"uploadDate":{"$date":"2019-05-19T13:57:54.682Z"}}
{"_id":{"$oid":"5ce160e2a3127b2db23ecde6"},"filename":"/home/mes/envs/remotequad/task.py","md5":"f75dbcbafc61e291518c9636d82fef8a","chunkSize":261120,"length":3607,"uploadDate":{"$date":"2019-05-19T13:57:54.684Z"}}
{"_id":{"$oid":"5ce16328a3127b2e925ba135"},"filename":"/home/mes/envs/remotequad/sacredrun.py","md5":"444c87f90983f1d88c4628e611ce05ac","chunkSize":261120,"length":6439,"uploadDate":{"$date":"2019-05-19T14:07:36.190Z"}}
{"_id":{"$oid":"5cf23a29a3127b0a94acc2a1"},"filename":"/home/mes/envs/remotequad/agents/agent.py","md5":"ec8151f35412f537d1481d8cc509dbcc","chunkSize":261120,"length":12562,"uploadDate":{"$date":"2019-06-01T08:41:13.914Z"}}
{"_id":{"$oid":"5cf23c88a3127b0b79a38a0a"},"filename":"/home/mes/envs/remotequad/agents/agent.py","md5":"0cf19da352d616544e929a9d02409119","chunkSize":261120,"length":12783,"uploadDate":{"$date":"2019-06-01T08:51:20.910Z"}}
{"_id":{"$oid":"5cf23c99a3127b0b8d8a9fe2"},"filename":"/home/mes/envs/remotequad/agents/agent.py","md5":"a821142703a8dbb3dcc52647aaf85e71","chunkSize":261120,"length":12777,"uploadDate":{"$date":"2019-06-01T08:51:37.726Z"}}
{"_id":{"$oid":"5cf23fb9a3127b0c63cb7de0"},"filename":"/home/mes/envs/remotequad/agents/agent.py","md5":"671fdb51cca249b29ad3be98678dd327","chunkSize":261120,"length":13168,"uploadDate":{"$date":"2019-06-01T09:04:57.893Z"}}
{"_id":{"$oid":"5cf23fb9a3127b0c63cb7de2"},"filename":"/home/mes/envs/remotequad/task.py","md5":"9a0628c19c5306dc6896bdcce93bf030","chunkSize":261120,"length":3606,"uploadDate":{"$date":"2019-06-01T09:04:57.896Z"}}
{"_id":{"$oid":"5cf23ff2a3127b0c763ab7fa"},"filename":"/home/mes/envs/remotequad/agents/agent.py","md5":"92b08afee8a39cce1c0cb10be1e4c5b5","chunkSize":261120,"length":13178,"uploadDate":{"$date":"2019-06-01T09:05:54.942Z"}}
{"_id":{"$oid":"5cf241c0a3127b0d72d4ddb0"},"filename":"/home/mes/envs/remotequad/sacredrun.py","md5":"155139276ee8b2539deb1867d392bbe4","chunkSize":261120,"length":6439,"uploadDate":{"$date":"2019-06-01T09:13:36.567Z"}}
{"_id":{"$oid":"5cf2449fa3127b0e4b812778"},"filename":"/home/mes/envs/remotequad/agents/agent.py","md5":"79efc6b859caf5feacecbc3ff331b62a","chunkSize":261120,"length":13178,"uploadDate":{"$date":"2019-06-01T09:25:51.899Z"}}
{"_id":{"$oid":"5cf244cca3127b0e608eb808"},"filename":"/home/mes/envs/remotequad/agents/agent.py","md5":"9d6d6fdb6478ad58e74fbff877e10645","chunkSize":261120,"length":13361,"uploadDate":{"$date":"2019-06-01T09:26:36.570Z"}}
{"_id":{"$oid":"5cf24afaa3127b1095188eca"},"filename":"/home/mes/envs/remotequad/task.py","md5":"5bda6bbba492b70829a6288950b6a3e5","chunkSize":261120,"length":3606,"uploadDate":{"$date":"2019-06-01T09:52:58.114Z"}}
{"_id":{"$oid":"5cf24c13a3127b1166539d38"},"filename":"/home/mes/envs/remotequad/sacredrun.py","md5":"472184a2eab77c239ade644b6d5d2715","chunkSize":261120,"length":6438,"uploadDate":{"$date":"2019-06-01T09:57:39.533Z"}}
{"_id":{"$oid":"5cf24c13a3127b1166539d3a"},"filename":"/home/mes/envs/remotequad/task.py","md5":"7564bb95e839336d55f7f41a662530f7","chunkSize":261120,"length":3607,"uploadDate":{"$date":"2019-06-01T09:57:39.535Z"}}
{"_id":{"$oid":"5cf24e53a3127b13162ce62a"},"filename":"/home/mes/envs/remotequad/sacredrun.py","md5":"507207daa39d484d25934453a64f33d0","chunkSize":261120,"length":6439,"uploadDate":{"$date":"2019-06-01T10:07:15.658Z"}}
{"_id":{"$oid":"5cf24e6ea3127b13e539b559"},"filename":"/home/mes/envs/remotequad/sacredrun.py","md5":"5b25bfe8f2f7a62d4a9cd3fb7d64fcab","chunkSize":261120,"length":6439,"uploadDate":{"$date":"2019-06-01T10:07:42.422Z"}}
{"_id":{"$oid":"5cf251e5a3127b14e9421f4f"},"filename":"/home/mes/envs/remotequad/sacredrun.py","md5":"0285828e1873c13a4d560b822859f216","chunkSize":261120,"length":6438,"uploadDate":{"$date":"2019-06-01T10:22:29.442Z"}}
{"_id":{"$oid":"5cf255eba3127b177da456e9"},"filename":"/home/mes/envs/remotequad/sacredrun.py","md5":"f8ac024a982ad1e9acb9a9ffd33c8ee4","chunkSize":261120,"length":6440,"uploadDate":{"$date":"2019-06-01T10:39:39.844Z"}}
{"_id":{"$oid":"5cf367e0a3127b0c4bcb3269"},"filename":"/home/mes/envs/remotequad/task.py","md5":"4360895bac0a2e9b31f2817f3efa0852","chunkSize":261120,"length":3607,"uploadDate":{"$date":"2019-06-02T06:08:32.497Z"}}
{"_id":{"$oid":"5cf37363a3127b0d848d7bd4"},"filename":"/home/mes/envs/remotequad/agents/agent.py","md5":"7b0021568b30bcb2550c50dd734985ec","chunkSize":261120,"length":13369,"uploadDate":{"$date":"2019-06-02T06:57:39.486Z"}}
{"_id":{"$oid":"5cf37363a3127b0d848d7bd6"},"filename":"/home/mes/envs/remotequad/agents/policy_search.py","md5":"234e47cc967cc87a567f35306980da98","chunkSize":261120,"length":1956,"uploadDate":{"$date":"2019-06-02T06:57:39.488Z"}}
{"_id":{"$oid":"5cf3848fa3127b0ef9e64f55"},"filename":"/home/mes/envs/remotequad/agents/agent.py","md5":"d79eb87ff18883589125a914def39fc7","chunkSize":261120,"length":10069,"uploadDate":{"$date":"2019-06-02T08:10:55.968Z"}}
{"_id":{"$oid":"5cf3848fa3127b0ef9e64f57"},"filename":"/home/mes/envs/remotequad/agents/policy_search.py","md5":"ba023c37353dbc30ea89e4376513e19a","chunkSize":261120,"length":1967,"uploadDate":{"$date":"2019-06-02T08:10:55.970Z"}}
{"_id":{"$oid":"5cf3848fa3127b0ef9e64f59"},"filename":"/home/mes/envs/remotequad/agents/random_binary_agent.py","md5":"edbb047a2fbe418a500193ec197cee36","chunkSize":261120,"length":2800,"uploadDate":{"$date":"2019-06-02T08:10:55.972Z"}}
{"_id":{"$oid":"5cf3848fa3127b0ef9e64f5b"},"filename":"/home/mes/envs/remotequad/sacredrun.py","md5":"789ed2b243f5ddedfd728baabb49beb7","chunkSize":261120,"length":6711,"uploadDate":{"$date":"2019-06-02T08:10:55.974Z"}}
{"_id":{"$oid":"5cf3848fa3127b0ef9e64f5d"},"filename":"/home/mes/envs/remotequad/tasks.py","md5":"c7a889bf56a55929898b23d1c6591c4d","chunkSize":261120,"length":4239,"uploadDate":{"$date":"2019-06-02T08:10:55.976Z"}}
{"_id":{"$oid":"5cf384d5a3127b0f0c3c0c54"},"filename":"/home/mes/envs/remotequad/sacredrun.py","md5":"e9c8d3cf6bf5af12016a8cf16f047222","chunkSize":261120,"length":6711,"uploadDate":{"$date":"2019-06-02T08:12:05.876Z"}}
{"_id":{"$oid":"5cf38551a3127b0f21dbf74c"},"filename":"/home/mes/envs/remotequad/tasks.py","md5":"91338e1f9224bd4ff5aeb5692e677c41","chunkSize":261120,"length":4341,"uploadDate":{"$date":"2019-06-02T08:14:09.318Z"}}
{"_id":{"$oid":"5cf3856fa3127b0f345790d1"},"filename":"/home/mes/envs/remotequad/tasks.py","md5":"c14ab1698a48abc4981b22099716385e","chunkSize":261120,"length":4345,"uploadDate":{"$date":"2019-06-02T08:14:39.649Z"}}
{"_id":{"$oid":"5cf385bfa3127b0f470c4ee9"},"filename":"/home/mes/envs/remotequad/sacredrun.py","md5":"e0a5decb55a29a36efbbf04ab786e612","chunkSize":261120,"length":6790,"uploadDate":{"$date":"2019-06-02T08:15:59.082Z"}}
{"_id":{"$oid":"5cf38661a3127b10327437c8"},"filename":"/home/mes/envs/remotequad/tasks.py","md5":"479120b2ef67d967e59fdc48bff7f317","chunkSize":261120,"length":4626,"uploadDate":{"$date":"2019-06-02T08:18:41.207Z"}}
{"_id":{"$oid":"5cf38988a3127b112437bd00"},"filename":"/home/mes/envs/remotequad/tasks.py","md5":"c086db597e3b0e562b7f02d8085085e4","chunkSize":261120,"length":4821,"uploadDate":{"$date":"2019-06-02T08:32:08.079Z"}}
{"_id":{"$oid":"5cf38b60a3127b120dac7383"},"filename":"/home/mes/envs/remotequad/agents/agent.py","md5":"7d953e7d17dc6521afb42f571ae2f997","chunkSize":261120,"length":10136,"uploadDate":{"$date":"2019-06-02T08:40:00.611Z"}}
{"_id":{"$oid":"5cf38b60a3127b120dac7385"},"filename":"/home/mes/envs/remotequad/sacredrun.py","md5":"643ac3f230415b71aa504dcd6f390464","chunkSize":261120,"length":6789,"uploadDate":{"$date":"2019-06-02T08:40:00.613Z"}}
{"_id":{"$oid":"5cf38beda3127b12d0df33eb"},"filename":"/home/mes/envs/remotequad/sacredrun.py","md5":"83783dbacdf4629aee08eb902b5f4d9c","chunkSize":261120,"length":6791,"uploadDate":{"$date":"2019-06-02T08:42:21.180Z"}}
{"_id":{"$oid":"5cf38c31a3127b15222d77d0"},"filename":"/home/mes/envs/remotequad/sacredrun.py","md5":"2038dde20244c69842ce54f07ee5367f","chunkSize":261120,"length":6791,"uploadDate":{"$date":"2019-06-02T08:43:29.492Z"}}
{"_id":{"$oid":"5cf38d02a3127b15e6186398"},"filename":"/home/mes/envs/remotequad/sacredrun.py","md5":"f2861ff3542f8d8929aa1a00980df40e","chunkSize":261120,"length":6823,"uploadDate":{"$date":"2019-06-02T08:46:58.555Z"}}
{"_id":{"$oid":"5cf38d02a3127b15e618639a"},"filename":"/home/mes/envs/remotequad/tasks.py","md5":"87ff140a7c26dacfd747b0cdc4348b3a","chunkSize":261120,"length":4905,"uploadDate":{"$date":"2019-06-02T08:46:58.557Z"}}
{"_id":{"$oid":"5cf38d50a3127b16ac4bb1be"},"filename":"/home/mes/envs/remotequad/sacredrun.py","md5":"a24809652c95b3cff8604696d044e05d","chunkSize":261120,"length":6823,"uploadDate":{"$date":"2019-06-02T08:48:16.969Z"}}
{"_id":{"$oid":"5cf38e61a3127b17723e4328"},"filename":"/home/mes/envs/remotequad/tasks.py","md5":"d01ac4a11ea3c16cb71d36febbd948b5","chunkSize":261120,"length":4905,"uploadDate":{"$date":"2019-06-02T08:52:49.201Z"}}
{"_id":{"$oid":"5cf38ec1a3127b187763020e"},"filename":"/home/mes/envs/remotequad/tasks.py","md5":"6ceac1545fd30d186b248a644a972ecd","chunkSize":261120,"length":4907,"uploadDate":{"$date":"2019-06-02T08:54:25.558Z"}}
{"_id":{"$oid":"5cf38ee9a3127b193a7d975c"},"filename":"/home/mes/envs/remotequad/tasks.py","md5":"860994f3a74b2642ea4c265486c70702","chunkSize":261120,"length":4907,"uploadDate":{"$date":"2019-06-02T08:55:05.957Z"}}
{"_id":{"$oid":"5cf38f11a3127b19fd3040a9"},"filename":"/home/mes/envs/remotequad/tasks.py","md5":"d0e5514c968240721080b9527b1582c9","chunkSize":261120,"length":4908,"uploadDate":{"$date":"2019-06-02T08:55:45.970Z"}}
{"_id":{"$oid":"5cf3901da3127b1b86b020c4"},"filename":"/home/mes/envs/remotequad/tasks.py","md5":"65f16a8088993d5ad9f611cf64d24110","chunkSize":261120,"length":4909,"uploadDate":{"$date":"2019-06-02T09:00:13.997Z"}}
{"_id":{"$oid":"5cf390c3a3127b1c4ba5ce17"},"filename":"/home/mes/envs/remotequad/tasks.py","md5":"c17e442695ac7f7ee0bb5a21c6cdd1ee","chunkSize":261120,"length":5054,"uploadDate":{"$date":"2019-06-02T09:02:59.737Z"}}
{"_id":{"$oid":"5cf3931ba3127b1d3fb158cd"},"filename":"/home/mes/envs/remotequad/sacredrun.py","md5":"98f681b651ce405c6cc848c986c70fc2","chunkSize":261120,"length":6821,"uploadDate":{"$date":"2019-06-02T09:12:59.935Z"}}
{"_id":{"$oid":"5cf3931ba3127b1d3fb158cf"},"filename":"/home/mes/envs/remotequad/tasks.py","md5":"943464d45451023a4ad24dffe0747326","chunkSize":261120,"length":5016,"uploadDate":{"$date":"2019-06-02T09:12:59.937Z"}}
{"_id":{"$oid":"5cf39365a3127b1e0125eacc"},"filename":"/home/mes/envs/remotequad/tasks.py","md5":"5ec248cfdd7f58b906c07082099e4d6a","chunkSize":261120,"length":5016,"uploadDate":{"$date":"2019-06-02T09:14:13.105Z"}}
{"_id":{"$oid":"5cf39685a3127b1ed9cf5fe5"},"filename":"/home/mes/envs/remotequad/agents/agent.py","md5":"6d5c5ede581a3b81be39627a6f4835b9","chunkSize":261120,"length":11127,"uploadDate":{"$date":"2019-06-02T09:27:33.088Z"}}
{"_id":{"$oid":"5cf39685a3127b1ed9cf5fe7"},"filename":"/home/mes/envs/remotequad/sacredrun.py","md5":"2fca56ae4ed214d859a8b7c72b9a3185","chunkSize":261120,"length":6823,"uploadDate":{"$date":"2019-06-02T09:27:33.091Z"}}
{"_id":{"$oid":"5cf39709a3127b1eee01ebbd"},"filename":"/home/mes/envs/remotequad/agents/agent.py","md5":"f6d6f0ced3c533024c1633b70898b5a4","chunkSize":261120,"length":11122,"uploadDate":{"$date":"2019-06-02T09:29:45.520Z"}}
{"_id":{"$oid":"5cf3c55da3127b2e303c2fb4"},"filename":"/home/mes/envs/remotequad/sacred_mountain.py","md5":"fdb33171f488225a9d838141d4ed6395","chunkSize":261120,"length":4294,"uploadDate":{"$date":"2019-06-02T12:47:25.075Z"}}
{"_id":{"$oid":"5cf3c55da3127b2e303c2fb6"},"filename":"/home/mes/envs/remotequad/task_mountaincar.py","md5":"91582294ea463f28f95d2ca64fe10f72","chunkSize":261120,"length":2516,"uploadDate":{"$date":"2019-06-02T12:47:25.077Z"}}
{"_id":{"$oid":"5cf3c594a3127b2e4583913d"},"filename":"/home/mes/envs/remotequad/sacred_mountain.py","md5":"9e6e6da1d05764a9a46e7c20e2180921","chunkSize":261120,"length":4114,"uploadDate":{"$date":"2019-06-02T12:48:20.400Z"}}
{"_id":{"$oid":"5cf3c5aea3127b2eda06016f"},"filename":"/home/mes/envs/remotequad/agents/agent_mountaincar.py","md5":"5dd56bb8e0d97593ee3dd5b75ce462d9","chunkSize":261120,"length":11133,"uploadDate":{"$date":"2019-06-02T12:48:46.619Z"}}
{"_id":{"$oid":"5cf3c5aea3127b2eda060171"},"filename":"/home/mes/envs/remotequad/sacred_mountain.py","md5":"6b7bc07329df6a40af411be0f2c78c8e","chunkSize":261120,"length":4078,"uploadDate":{"$date":"2019-06-02T12:48:46.620Z"}}
{"_id":{"$oid":"5cf3c77fa3127b2faaab64f3"},"filename":"/home/mes/envs/remotequad/agents/agent_mountaincar.py","md5":"c0c62cf80e8b055bbad6202f3c76ba87","chunkSize":261120,"length":11142,"uploadDate":{"$date":"2019-06-02T12:56:31.579Z"}}
{"_id":{"$oid":"5cf3c77fa3127b2faaab64f5"},"filename":"/home/mes/envs/remotequad/task_mountaincar.py","md5":"2c7ebc0cb044b7a99f590159ec0a562e","chunkSize":261120,"length":2497,"uploadDate":{"$date":"2019-06-02T12:56:31.581Z"}}
{"_id":{"$oid":"5cf3c867a3127b307addb7ff"},"filename":"/home/mes/envs/remotequad/sacred_mountain.py","md5":"2dbf4e66c097bc789b2f618be9e42b59","chunkSize":261120,"length":4067,"uploadDate":{"$date":"2019-06-02T13:00:23.532Z"}}
{"_id":{"$oid":"5cf3c927a3127b314ff5df61"},"filename":"/home/mes/envs/remotequad/sacred_mountain.py","md5":"2eea459d207950582cc59a8532642dd9","chunkSize":261120,"length":3602,"uploadDate":{"$date":"2019-06-02T13:03:35.388Z"}}
{"_id":{"$oid":"5cf3c94ca3127b3232837624"},"filename":"/home/mes/envs/remotequad/sacred_mountain.py","md5":"3a9897e25a6ac33c1fa68ddb24d65b6f","chunkSize":261120,"length":3558,"uploadDate":{"$date":"2019-06-02T13:04:12.444Z"}}
{"_id":{"$oid":"5cf3c95ea3127b32bd15bd36"},"filename":"/home/mes/envs/remotequad/sacred_mountain.py","md5":"b893d1cb364e1b6c794abf986111ca4d","chunkSize":261120,"length":3454,"uploadDate":{"$date":"2019-06-02T13:04:30.608Z"}}
{"_id":{"$oid":"5cf3cb4ca3127b33af453ee7"},"filename":"/home/mes/envs/remotequad/sacred_mountain.py","md5":"0ccd378bf3816eafa3837c0456e079a8","chunkSize":261120,"length":3454,"uploadDate":{"$date":"2019-06-02T13:12:44.715Z"}}
{"_id":{"$oid":"5cf3ccf6a3127b34933dc9a7"},"filename":"/home/mes/envs/remotequad/agents/agent_mountaincar.py","md5":"3f12c4e36b0363cff2ebe6a768aeecd6","chunkSize":261120,"length":11136,"uploadDate":{"$date":"2019-06-02T13:19:50.757Z"}}
{"_id":{"$oid":"5cf3cf0aa3127b3567e2e9a2"},"filename":"/home/mes/envs/remotequad/sacred_mountain.py","md5":"0e5ed5af1ca51853bb9fa6566f3df220","chunkSize":261120,"length":3477,"uploadDate":{"$date":"2019-06-02T13:28:42.780Z"}}
{"_id":{"$oid":"5cf3cfa7a3127b3635c999f8"},"filename":"/home/mes/envs/remotequad/sacred_mountain.py","md5":"23ef462f29b4b6456c469bf4d3de4ee5","chunkSize":261120,"length":3477,"uploadDate":{"$date":"2019-06-02T13:31:19.904Z"}}
{"_id":{"$oid":"5cf3d210a3127b3732e38ad2"},"filename":"/home/mes/envs/remotequad/task_mountaincar.py","md5":"ebd46102468f62040b595da89cada72a","chunkSize":261120,"length":2503,"uploadDate":{"$date":"2019-06-02T13:41:36.536Z"}}
{"_id":{"$oid":"5cf3d35da3127b380525c968"},"filename":"/home/mes/envs/remotequad/task_mountaincar.py","md5":"2615ec06de4efb67caaae478d184c4a7","chunkSize":261120,"length":2494,"uploadDate":{"$date":"2019-06-02T13:47:09.289Z"}}
{"_id":{"$oid":"5cf3d3a7a3127b38d48abfaa"},"filename":"/home/mes/envs/remotequad/task_mountaincar.py","md5":"2a7bbc7d86067ca20303211f5a35fc4c","chunkSize":261120,"length":2500,"uploadDate":{"$date":"2019-06-02T13:48:23.981Z"}}
{"_id":{"$oid":"5cf3d6b6a3127b39ed6be067"},"filename":"/home/mes/envs/remotequad/agents/agent_mountaincar.py","md5":"9d7a0093c45f101c782dd177d14d09fd","chunkSize":261120,"length":11273,"uploadDate":{"$date":"2019-06-02T14:01:26.938Z"}}
{"_id":{"$oid":"5cf3d6b6a3127b39ed6be069"},"filename":"/home/mes/envs/remotequad/sacred_mountain.py","md5":"f3ac7940aad8db562fa107dc8c736f16","chunkSize":261120,"length":3568,"uploadDate":{"$date":"2019-06-02T14:01:26.940Z"}}
{"_id":{"$oid":"5cf3da96a3127b3dc1a6b6c3"},"filename":"/home/mes/envs/remotequad/agents/agent_mountaincar.py","md5":"33005f6dc2241831893857e29b8f52e9","chunkSize":261120,"length":11276,"uploadDate":{"$date":"2019-06-02T14:17:58.331Z"}}
{"_id":{"$oid":"5cfb5459a3127b6438ca1170"},"filename":"/home/mes/envs/remotequad/sacredrun.py","md5":"ade879a6f17faf738bb2c34e674bae7f","chunkSize":261120,"length":6824,"uploadDate":{"$date":"2019-06-08T06:23:21.449Z"}}
{"_id":{"$oid":"5cfb5494a3127b650d43e6fb"},"filename":"/home/mes/envs/remotequad/sacredrun.py","md5":"ddeea16e4fcc131d3b2bb641511dd7f4","chunkSize":261120,"length":6824,"uploadDate":{"$date":"2019-06-08T06:24:20.445Z"}}
{"_id":{"$oid":"5cfb5694a3127b66f711ba5b"},"filename":"/home/mes/envs/remotequad/sacredrun.py","md5":"ecce0829bcec2e59386073d13663a331","chunkSize":261120,"length":6824,"uploadDate":{"$date":"2019-06-08T06:32:52.272Z"}}
{"_id":{"$oid":"5cfb56b2a3127b671ddf1f25"},"filename":"/home/mes/envs/remotequad/sacredrun.py","md5":"2b45ae73f3ba65b1eaf663efca5cf9bb","chunkSize":261120,"length":6825,"uploadDate":{"$date":"2019-06-08T06:33:22.805Z"}}
{"_id":{"$oid":"5cfb56f5a3127b67315e502c"},"filename":"/home/mes/envs/remotequad/sacredrun.py","md5":"aa43eb723012017a2a12b70dbf68abd2","chunkSize":261120,"length":6824,"uploadDate":{"$date":"2019-06-08T06:34:29.424Z"}}
{"_id":{"$oid":"5cfb5702a3127b674423f02d"},"filename":"/home/mes/envs/remotequad/sacredrun.py","md5":"f3dfddb3e38c1179e69353041897af45","chunkSize":261120,"length":6824,"uploadDate":{"$date":"2019-06-08T06:34:42.174Z"}}
{"_id":{"$oid":"5cfb58e2a3127b6816b1cd52"},"filename":"/home/mes/envs/remotequad/tasks.py","md5":"b8896023ccd13e1315134fe7633dd37b","chunkSize":261120,"length":5054,"uploadDate":{"$date":"2019-06-08T06:42:42.891Z"}}
{"_id":{"$oid":"5cfb5ac2a3127b69279fa2b1"},"filename":"/home/mes/envs/remotequad/sacredrun.py","md5":"da7bcd564b7ee764624ecb6c6c6f1f66","chunkSize":261120,"length":6824,"uploadDate":{"$date":"2019-06-08T06:50:42.731Z"}}
{"_id":{"$oid":"5cfb5b33a3127b69b38d57c2"},"filename":"/home/mes/envs/remotequad/tasks.py","md5":"e0a5ece7cd8caa19eacf4f326d1e48ad","chunkSize":261120,"length":5103,"uploadDate":{"$date":"2019-06-08T06:52:35.113Z"}}
{"_id":{"$oid":"5cfb5e84a3127b6a87d0b5ae"},"filename":"/home/mes/envs/remotequad/agents/agent.py","md5":"bdb132511c1b4d34895c33746407661b","chunkSize":261120,"length":11344,"uploadDate":{"$date":"2019-06-08T07:06:44.914Z"}}
{"_id":{"$oid":"5cfb6287a3127b0b1d4d5876"},"filename":"/home/mes/envs/remotequad/tasks.py","md5":"b88984220f1b2644c24788787a89711e","chunkSize":261120,"length":5137,"uploadDate":{"$date":"2019-06-08T07:23:51.819Z"}}
{"_id":{"$oid":"5cfb6580a3127b0d9d6d522b"},"filename":"/home/mes/envs/remotequad/sacred_mountain.py","md5":"50c2d4498c2d464a78483f7bd2c8d760","chunkSize":261120,"length":3649,"uploadDate":{"$date":"2019-06-08T07:36:32.236Z"}}
{"_id":{"$oid":"5cfb6580a3127b0d9d6d522d"},"filename":"/home/mes/envs/remotequad/task_mountaincar.py","md5":"79339c177cd1f7dad3070b529d23bb70","chunkSize":261120,"length":2524,"uploadDate":{"$date":"2019-06-08T07:36:32.238Z"}}
{"_id":{"$oid":"5cfb660aa3127b0fa02072ad"},"filename":"/home/mes/envs/remotequad/sacred_mountain.py","md5":"2c1c4b7e9a93564179b9e2e9312f56bb","chunkSize":261120,"length":3635,"uploadDate":{"$date":"2019-06-08T07:38:50.537Z"}}
{"_id":{"$oid":"5cfb6746a3127b10bb4f0b75"},"filename":"/home/mes/envs/remotequad/agents/agent_mountaincar.py","md5":"d0a9d94bf78d7785a039a9b828a23a7d","chunkSize":261120,"length":11305,"uploadDate":{"$date":"2019-06-08T07:44:06.314Z"}}
{"_id":{"$oid":"5cfb67f0a3127b11cb661e40"},"filename":"/home/mes/envs/remotequad/sacred_mountain.py","md5":"5f628ea05f9b6a233d58692506c1adec","chunkSize":261120,"length":3636,"uploadDate":{"$date":"2019-06-08T07:46:56.365Z"}}
{"_id":{"$oid":"5cfb6f0ea3127b12fd60d20f"},"filename":"/home/mes/envs/remotequad/sacred_mountain.py","md5":"b6385ae7d4c58f546d1f713fb4951547","chunkSize":261120,"length":3640,"uploadDate":{"$date":"2019-06-08T08:17:18.815Z"}}
{"_id":{"$oid":"5cfb6f0ea3127b12fd60d211"},"filename":"/home/mes/envs/remotequad/task_mountaincar.py","md5":"cab701b7a54dadf7553d56e617093d7f","chunkSize":261120,"length":2558,"uploadDate":{"$date":"2019-06-08T08:17:18.817Z"}}
{"_id":{"$oid":"5cfb7387a3127b14a9e33919"},"filename":"/home/mes/envs/remotequad/agents/agent_mountaincar.py","md5":"42837560868c188c096a436c0753b83d","chunkSize":261120,"length":11496,"uploadDate":{"$date":"2019-06-08T08:36:23.111Z"}}
{"_id":{"$oid":"5cfb7387a3127b14a9e3391b"},"filename":"/home/mes/envs/remotequad/sacred_mountain.py","md5":"70433a93bf62b7c7d890f3d1525bae32","chunkSize":261120,"length":3661,"uploadDate":{"$date":"2019-06-08T08:36:23.113Z"}}
{"_id":{"$oid":"5cfb741da3127b15c3128ca2"},"filename":"/home/mes/envs/remotequad/sacred_mountain.py","md5":"7e253b6dd93cd07cde5d07008aabd03f","chunkSize":261120,"length":3715,"uploadDate":{"$date":"2019-06-08T08:38:53.877Z"}}
{"_id":{"$oid":"5cfb75c4a3127b16be52f2bd"},"filename":"/home/mes/envs/remotequad/sacred_mountain.py","md5":"c74c6960bf915be894b7a6cbae71df3d","chunkSize":261120,"length":3716,"uploadDate":{"$date":"2019-06-08T08:45:56.320Z"}}
{"_id":{"$oid":"5cfb7b4ca3127b1a722be2fb"},"filename":"/home/mes/envs/remotequad/agents/agent_mountaincar.py","md5":"1709477c0a10cb3da72215705f31f476","chunkSize":261120,"length":11497,"uploadDate":{"$date":"2019-06-08T09:09:32.952Z"}}
{"_id":{"$oid":"5cfb7e5ca3127b1b6848972c"},"filename":"/home/mes/envs/remotequad/agents/agent_mountaincar.py","md5":"0ec377e63b57690d1fb5b6b5e80222b1","chunkSize":261120,"length":11491,"uploadDate":{"$date":"2019-06-08T09:22:36.792Z"}}
{"_id":{"$oid":"5cfb7e5ca3127b1b6848972e"},"filename":"/home/mes/envs/remotequad/sacred_mountain.py","md5":"0a108f8ee0bf87d9ba4a477e1a5cafa8","chunkSize":261120,"length":3760,"uploadDate":{"$date":"2019-06-08T09:22:36.793Z"}}
{"_id":{"$oid":"5cfb7e5ca3127b1b68489730"},"filename":"/home/mes/envs/remotequad/task_mountaincar.py","md5":"57081fbe1b569a743935807fe035602d","chunkSize":261120,"length":2875,"uploadDate":{"$date":"2019-06-08T09:22:36.795Z"}}
{"_id":{"$oid":"5cfb7e6ea3127b1bf4b9eead"},"filename":"/home/mes/envs/remotequad/task_mountaincar.py","md5":"e5e6eee9b9c14b08ec130598a13c5442","chunkSize":261120,"length":2881,"uploadDate":{"$date":"2019-06-08T09:22:54.392Z"}}
{"_id":{"$oid":"5cfb8a1ca3127b1d861d1b77"},"filename":"/home/mes/envs/remotequad/sacred_mountain.py","md5":"b1fcb36bb0f57f0652fe5c6a611007a5","chunkSize":261120,"length":3761,"uploadDate":{"$date":"2019-06-08T10:12:44.475Z"}}
{"_id":{"$oid":"5cfb95e8a3127b1eaadc9aee"},"filename":"/home/mes/envs/remotequad/agents/agent_mountaincar.py","md5":"b9dc53587b00fc5e73ef0500e557b257","chunkSize":261120,"length":11496,"uploadDate":{"$date":"2019-06-08T11:03:04.013Z"}}
{"_id":{"$oid":"5cfb95e8a3127b1eaadc9af0"},"filename":"/home/mes/envs/remotequad/sacred_mountain.py","md5":"ca39630efe89437e4583686d54e8916e","chunkSize":261120,"length":3813,"uploadDate":{"$date":"2019-06-08T11:03:04.015Z"}}
{"_id":{"$oid":"5cfb963fa3127b1f768b4271"},"filename":"/home/mes/envs/remotequad/sacred_mountain.py","md5":"fe111a8927a1590daf60e9d7461fd872","chunkSize":261120,"length":3814,"uploadDate":{"$date":"2019-06-08T11:04:31.219Z"}}
{"_id":{"$oid":"5cfb966aa3127b2041f63195"},"filename":"/home/mes/envs/remotequad/sacred_mountain.py","md5":"f5c3b90ef90d9f527bd2983c031bab94","chunkSize":261120,"length":3816,"uploadDate":{"$date":"2019-06-08T11:05:14.364Z"}}
{"_id":{"$oid":"5cfb980fa3127b213aa980f3"},"filename":"/home/mes/envs/remotequad/agents/agent_mountaincar.py","md5":"674477d414b9b18ff730aa13d4f9eb9e","chunkSize":261120,"length":11494,"uploadDate":{"$date":"2019-06-08T11:12:15.555Z"}}
{"_id":{"$oid":"5cfb994fa3127b22d8f84962"},"filename":"/home/mes/envs/remotequad/agents/agent_mountaincar.py","md5":"cffe0ffa6c169ca112f711c3ee69e2d6","chunkSize":261120,"length":11500,"uploadDate":{"$date":"2019-06-08T11:17:35.071Z"}}
{"_id":{"$oid":"5cfba031a3127b23def1fa3a"},"filename":"/home/mes/envs/remotequad/agents/agent_mountaincar.py","md5":"6f973f0f9b26f0f0143860ef8bc9501f","chunkSize":261120,"length":11504,"uploadDate":{"$date":"2019-06-08T11:46:57.053Z"}}
{"_id":{"$oid":"5cfba031a3127b23def1fa3c"},"filename":"/home/mes/envs/remotequad/sacred_mountain.py","md5":"eac7e2c92bcee62587dbad12c99a0db0","chunkSize":261120,"length":3821,"uploadDate":{"$date":"2019-06-08T11:46:57.055Z"}}
{"_id":{"$oid":"5cfba43ba3127b2854d9f247"},"filename":"/home/mes/envs/remotequad/agents/agent_mountaincar.py","md5":"eb1bb3c434285768b860133ae66eb675","chunkSize":261120,"length":11491,"uploadDate":{"$date":"2019-06-08T12:04:11.583Z"}}
{"_id":{"$oid":"5cfba614a3127b2946e8a287"},"filename":"/home/mes/envs/remotequad/sacred_mountain.py","md5":"a9a5e7fe5265ab7017c2cff229c365a4","chunkSize":261120,"length":3815,"uploadDate":{"$date":"2019-06-08T12:12:04.662Z"}}
{"_id":{"$oid":"5cfba6dfa3127b2b3c10af5a"},"filename":"/home/mes/envs/remotequad/agents/agent.py","md5":"77f639e7f624fe14ebd90fe774c04561","chunkSize":261120,"length":11350,"uploadDate":{"$date":"2019-06-08T12:15:27.346Z"}}
{"_id":{"$oid":"5cfba6dfa3127b2b3c10af5c"},"filename":"/home/mes/envs/remotequad/sacredrun.py","md5":"d1d9d9f57ac003cd2f40e860bfbdd98f","chunkSize":261120,"length":6950,"uploadDate":{"$date":"2019-06-08T12:15:27.349Z"}}
{"_id":{"$oid":"5cfba784a3127b2c174aa746"},"filename":"/home/mes/envs/remotequad/agents/agent.py","md5":"36e3ed80882306532c6e399df8371a27","chunkSize":261120,"length":11352,"uploadDate":{"$date":"2019-06-08T12:18:12.265Z"}}
{"_id":{"$oid":"5cfbaae6a3127b2cef6e6b5d"},"filename":"/home/mes/envs/remotequad/agents/agent.py","md5":"4c018898fa19b2ff51327349eec1af62","chunkSize":261120,"length":11840,"uploadDate":{"$date":"2019-06-08T12:32:38.141Z"}}
{"_id":{"$oid":"5cfbab61a3127b2da9c18052"},"filename":"/home/mes/envs/remotequad/agents/agent.py","md5":"c35f257378324e3ca2a786562f4bd5f1","chunkSize":261120,"length":11934,"uploadDate":{"$date":"2019-06-08T12:34:41.227Z"}}
{"_id":{"$oid":"5cfbacbba3127b2e891b6abf"},"filename":"/home/mes/envs/remotequad/agents/agent.py","md5":"eab7ad4092d4c9758caa69a7cd57cf77","chunkSize":261120,"length":11938,"uploadDate":{"$date":"2019-06-08T12:40:27.249Z"}}
{"_id":{"$oid":"5cfbad1ba3127b2f48d952df"},"filename":"/home/mes/envs/remotequad/agents/agent.py","md5":"164bd9ebb88af9eb3876d850f76b43a1","chunkSize":261120,"length":11948,"uploadDate":{"$date":"2019-06-08T12:42:03.190Z"}}
{"_id":{"$oid":"5cfbad85a3127b2ff3069759"},"filename":"/home/mes/envs/remotequad/agents/agent.py","md5":"74d5e4a832af8917529e7887ac5bc334","chunkSize":261120,"length":12012,"uploadDate":{"$date":"2019-06-08T12:43:49.663Z"}}
{"_id":{"$oid":"5cfbafcfa3127b317700c33c"},"filename":"/home/mes/envs/remotequad/task_mountaincar.py","md5":"dfee9048d2751bc690725a2d0da29dcb","chunkSize":261120,"length":2902,"uploadDate":{"$date":"2019-06-08T12:53:35.815Z"}}
{"_id":{"$oid":"5cfbb05ca3127b3285f12016"},"filename":"/home/mes/envs/remotequad/agents/agent.py","md5":"4ae21191ac32c63208b7650bc89e97ab","chunkSize":261120,"length":12014,"uploadDate":{"$date":"2019-06-08T12:55:56.531Z"}}
{"_id":{"$oid":"5cfbb0e4a3127b3356ea5218"},"filename":"/home/mes/envs/remotequad/agents/agent.py","md5":"4a9e78e7b9c7936adb7cc44ee117e7a0","chunkSize":261120,"length":12022,"uploadDate":{"$date":"2019-06-08T12:58:12.197Z"}}
{"_id":{"$oid":"5cfbb13ba3127b34f383e17d"},"filename":"/home/mes/envs/remotequad/sacredrun.py","md5":"9b5e656ad2c0c14523254cde61b1e257","chunkSize":261120,"length":6950,"uploadDate":{"$date":"2019-06-08T12:59:39.773Z"}}
{"_id":{"$oid":"5cfbb1f0a3127b383575a8b8"},"filename":"/home/mes/envs/remotequad/agents/agent.py","md5":"0199c7a300156787b8b5bcccb44fd590","chunkSize":261120,"length":12045,"uploadDate":{"$date":"2019-06-08T13:02:40.367Z"}}
{"_id":{"$oid":"5cfbb2cda3127b39d4997abb"},"filename":"/home/mes/envs/remotequad/agents/agent.py","md5":"b372bb917f080af81b8f6b8be86fe74c","chunkSize":261120,"length":12102,"uploadDate":{"$date":"2019-06-08T13:06:21.743Z"}}
{"_id":{"$oid":"5cfbb37ca3127b3b7987e165"},"filename":"/home/mes/envs/remotequad/sacredrun.py","md5":"698bf05404e76c3ca399963ce5fdcdc8","chunkSize":261120,"length":6950,"uploadDate":{"$date":"2019-06-08T13:09:16.941Z"}}
{"_id":{"$oid":"5cfbb582a3127b3c1f14a0e2"},"filename":"/home/mes/envs/remotequad/agents/agent.py","md5":"9cff50c8902a8f9d9f953d4124420096","chunkSize":261120,"length":12243,"uploadDate":{"$date":"2019-06-08T13:17:54.687Z"}}
{"_id":{"$oid":"5cfbb6b6a3127b3d74d13f98"},"filename":"/home/mes/envs/remotequad/agents/agent.py","md5":"f0c0a4c3bc07d1d3e85109135e92e655","chunkSize":261120,"length":12277,"uploadDate":{"$date":"2019-06-08T13:23:02.281Z"}}
{"_id":{"$oid":"5cfbb885a3127b3e38504356"},"filename":"/home/mes/envs/remotequad/agents/agent.py","md5":"539fa1b2ff002050ded32de225ff63b6","chunkSize":261120,"length":12315,"uploadDate":{"$date":"2019-06-08T13:30:45.445Z"}}
{"_id":{"$oid":"5cfbb8e5a3127b3eeb103fbe"},"filename":"/home/mes/envs/remotequad/agents/agent.py","md5":"2d461cffce906aa88f7eb05b8e1d1491","chunkSize":261120,"length":12339,"uploadDate":{"$date":"2019-06-08T13:32:21.599Z"}}
{"_id":{"$oid":"5cfbb923a3127b3f97c3b08c"},"filename":"/home/mes/envs/remotequad/agents/agent.py","md5":"468fea924e3ce28a52d0d5fc2a5c146e","chunkSize":261120,"length":12339,"uploadDate":{"$date":"2019-06-08T13:33:23.949Z"}}
{"_id":{"$oid":"5cfbb952a3127b40cde1c57f"},"filename":"/home/mes/envs/remotequad/agents/agent.py","md5":"f1332fe74a134e9461c5778a36a19eb3","chunkSize":261120,"length":12339,"uploadDate":{"$date":"2019-06-08T13:34:10.333Z"}}
{"_id":{"$oid":"5cfbba83a3127b42968b7bf6"},"filename":"/home/mes/envs/remotequad/agents/agent.py","md5":"3b555aaebb0d16f4bb8a0a2c82dcb4d3","chunkSize":261120,"length":12381,"uploadDate":{"$date":"2019-06-08T13:39:15.705Z"}}
{"_id":{"$oid":"5cfbbaf3a3127b4332277229"},"filename":"/home/mes/envs/remotequad/agents/agent.py","md5":"b29e3077c714f74fef1eb3b9359ef42c","chunkSize":261120,"length":12217,"uploadDate":{"$date":"2019-06-08T13:41:07.823Z"}}
{"_id":{"$oid":"5cfbbb36a3127b43c7f5b3d5"},"filename":"/home/mes/envs/remotequad/agents/agent.py","md5":"810db4006e469668280099642dec43f2","chunkSize":261120,"length":12219,"uploadDate":{"$date":"2019-06-08T13:42:14.333Z"}}
{"_id":{"$oid":"5cfbbb46a3127b445353843a"},"filename":"/home/mes/envs/remotequad/agents/agent.py","md5":"7734f1bab74a442a726f76a8ecf900b2","chunkSize":261120,"length":12225,"uploadDate":{"$date":"2019-06-08T13:42:30.073Z"}}
{"_id":{"$oid":"5cfbbb69a3127b44e2a935c7"},"filename":"/home/mes/envs/remotequad/agents/agent.py","md5":"6204dbdc17d2bbe8a3ce93d1910f7e8c","chunkSize":261120,"length":12226,"uploadDate":{"$date":"2019-06-08T13:43:05.566Z"}}
{"_id":{"$oid":"5cfbbbd5a3127b46231622e1"},"filename":"/home/mes/envs/remotequad/agents/agent.py","md5":"de98c70374847db876732e0efd19e1b9","chunkSize":261120,"length":12284,"uploadDate":{"$date":"2019-06-08T13:44:53.400Z"}}
{"_id":{"$oid":"5cfbbbf8a3127b46d1584e50"},"filename":"/home/mes/envs/remotequad/agents/agent.py","md5":"9737de869190f6890ff95f8e26135b08","chunkSize":261120,"length":12283,"uploadDate":{"$date":"2019-06-08T13:45:28.700Z"}}
{"_id":{"$oid":"5cfbbcb2a3127b47d49c1052"},"filename":"/home/mes/envs/remotequad/agents/agent.py","md5":"308411ba9c4979a7db5f36eeb6e9360b","chunkSize":261120,"length":12354,"uploadDate":{"$date":"2019-06-08T13:48:34.605Z"}}
{"_id":{"$oid":"5cfbbcf4a3127b49afc1f9ad"},"filename":"/home/mes/envs/remotequad/sacredrun.py","md5":"0ac9d5f3aef8174c65821390a65d16da","chunkSize":261120,"length":6951,"uploadDate":{"$date":"2019-06-08T13:49:41.001Z"}}
{"_id":{"$oid":"5cfbbe51a3127b4b50db74bf"},"filename":"/home/mes/envs/remotequad/agents/agent.py","md5":"d9ed1baa252b207eef6e86d05ff550b6","chunkSize":261120,"length":12351,"uploadDate":{"$date":"2019-06-08T13:55:29.914Z"}}
{"_id":{"$oid":"5cfbbf06a3127b4e8685731c"},"filename":"/home/mes/envs/remotequad/agents/agent.py","md5":"218bbc70c2f4cddaded41048eeb43aa2","chunkSize":261120,"length":12422,"uploadDate":{"$date":"2019-06-08T13:58:30.472Z"}}
{"_id":{"$oid":"5cfbc2dda3127b505504717b"},"filename":"/home/mes/envs/remotequad/agents/agent.py","md5":"9ac2a6cd8aa18ab87450f107a5e0134c","chunkSize":261120,"length":12425,"uploadDate":{"$date":"2019-06-08T14:14:53.699Z"}}
{"_id":{"$oid":"5cfbc2dda3127b505504717d"},"filename":"/home/mes/envs/remotequad/sacredrun.py","md5":"d452acc6a41c44384138e29c0e9f8732","chunkSize":261120,"length":6947,"uploadDate":{"$date":"2019-06-08T14:14:53.701Z"}}
{"_id":{"$oid":"5cfbc365a3127b516c0d64d0"},"filename":"/home/mes/envs/remotequad/sacredrun.py","md5":"2048efc1b6fa524746cc80a8b66a18a6","chunkSize":261120,"length":7030,"uploadDate":{"$date":"2019-06-08T14:17:09.864Z"}}
{"_id":{"$oid":"5cfbc37fa3127b51fe605fb3"},"filename":"/home/mes/envs/remotequad/sacredrun.py","md5":"3fdbdfa9f6787406c4c5a78b461e0b6b","chunkSize":261120,"length":7034,"uploadDate":{"$date":"2019-06-08T14:17:35.194Z"}}
{"_id":{"$oid":"5cfbc38ea3127b528a3cc560"},"filename":"/home/mes/envs/remotequad/sacredrun.py","md5":"4019a3657f636de4c912bbb3b553a105","chunkSize":261120,"length":7036,"uploadDate":{"$date":"2019-06-08T14:17:50.701Z"}}
{"_id":{"$oid":"5cfbc3cda3127b53f82a4f28"},"filename":"/home/mes/envs/remotequad/sacredrun.py","md5":"df6736a663296a081eac121392ff1b59","chunkSize":261120,"length":7042,"uploadDate":{"$date":"2019-06-08T14:18:53.656Z"}}
{"_id":{"$oid":"5cfbc400a3127b551b077b24"},"filename":"/home/mes/envs/remotequad/sacredrun.py","md5":"3b59329ea48452d7323b383b6e25420a","chunkSize":261120,"length":7047,"uploadDate":{"$date":"2019-06-08T14:19:44.417Z"}}
{"_id":{"$oid":"5cfbc47ca3127b55a9f76439"},"filename":"/home/mes/envs/remotequad/sacredrun.py","md5":"80899f72dd8055f4fc81bc91c853a4ac","chunkSize":261120,"length":7060,"uploadDate":{"$date":"2019-06-08T14:21:48.325Z"}}
{"_id":{"$oid":"5cfbc486a3127b563490dbe1"},"filename":"/home/mes/envs/remotequad/sacredrun.py","md5":"264396863292fca59ef480c52270f56b","chunkSize":261120,"length":7062,"uploadDate":{"$date":"2019-06-08T14:21:58.255Z"}}
{"_id":{"$oid":"5cfbc547a3127b5953f3ec86"},"filename":"/home/mes/envs/remotequad/sacredrun.py","md5":"671cc52667e277a45be2f3aa2599ee88","chunkSize":261120,"length":7063,"uploadDate":{"$date":"2019-06-08T14:25:11.193Z"}}
{"_id":{"$oid":"5cfbc5b7a3127b5b824fd6bc"},"filename":"/home/mes/envs/remotequad/sacredrun.py","md5":"abea1abd3875e32daf35f278606b7cb7","chunkSize":261120,"length":7093,"uploadDate":{"$date":"2019-06-08T14:27:03.187Z"}}
{"_id":{"$oid":"5cfbc654a3127b5c5267c224"},"filename":"/home/mes/envs/remotequad/sacredrun.py","md5":"7374f9fb87d24a926de8b82488c6cda3","chunkSize":261120,"length":7128,"uploadDate":{"$date":"2019-06-08T14:29:40.276Z"}}
{"_id":{"$oid":"5cfbc68aa3127b5d2069d6d7"},"filename":"/home/mes/envs/remotequad/sacredrun.py","md5":"17966818036154a72e81364e738cb72b","chunkSize":261120,"length":7095,"uploadDate":{"$date":"2019-06-08T14:30:34.579Z"}}
{"_id":{"$oid":"5cfbc786a3127b5dfd99d380"},"filename":"/home/mes/envs/remotequad/sacredrun.py","md5":"9ab7662558d16428535fb8adc93c3db3","chunkSize":261120,"length":7364,"uploadDate":{"$date":"2019-06-08T14:34:46.539Z"}}
{"_id":{"$oid":"5cfbc790a3127b5e8f981158"},"filename":"/home/mes/envs/remotequad/sacredrun.py","md5":"618cb41eb8cf7ef31ad6581c8371ba5e","chunkSize":261120,"length":7347,"uploadDate":{"$date":"2019-06-08T14:34:56.872Z"}}
{"_id":{"$oid":"5cfbc811a3127b5f5d0d6c78"},"filename":"/home/mes/envs/remotequad/sacredrun.py","md5":"48d82558bb629fb8613dce7b733ce0c0","chunkSize":261120,"length":7805,"uploadDate":{"$date":"2019-06-08T14:37:05.480Z"}}
{"_id":{"$oid":"5cfbc845a3127b602aaab24e"},"filename":"/home/mes/envs/remotequad/sacredrun.py","md5":"f4864733b02a13b466ff3bdbc8b6e75d","chunkSize":261120,"length":7821,"uploadDate":{"$date":"2019-06-08T14:37:57.069Z"}}
{"_id":{"$oid":"5cfbc8f9a3127b62e9ef4acc"},"filename":"/home/mes/envs/remotequad/sacredrun.py","md5":"4f78273cf59f19904b3b985f3b9ca5b8","chunkSize":261120,"length":7824,"uploadDate":{"$date":"2019-06-08T14:40:57.104Z"}}
{"_id":{"$oid":"5cfbc9f8a3127b63b8016737"},"filename":"/home/mes/envs/remotequad/sacredrun.py","md5":"8eec3c83f4a1cdfb2ef7f3a7393b5f62","chunkSize":261120,"length":7729,"uploadDate":{"$date":"2019-06-08T14:45:12.897Z"}}
{"_id":{"$oid":"5cfbca2da3127b64864443c5"},"filename":"/home/mes/envs/remotequad/sacredrun.py","md5":"97acfdb610342ae16a4405bfffe71911","chunkSize":261120,"length":7729,"uploadDate":{"$date":"2019-06-08T14:46:05.010Z"}}
{"_id":{"$oid":"5cfbcad5a3127b6555ebc7e6"},"filename":"/home/mes/envs/remotequad/sacredrun.py","md5":"b74e0b0e1b2d2177edbf41864f351043","chunkSize":261120,"length":7722,"uploadDate":{"$date":"2019-06-08T14:48:53.940Z"}}
{"_id":{"$oid":"5cfbcae6a3127b6622178349"},"filename":"/home/mes/envs/remotequad/sacredrun.py","md5":"7b853475e96fdf2f7cbb2565bef28bfb","chunkSize":261120,"length":7722,"uploadDate":{"$date":"2019-06-08T14:49:10.480Z"}}
{"_id":{"$oid":"5cfbcaf5a3127b66efea0c4b"},"filename":"/home/mes/envs/remotequad/sacredrun.py","md5":"fc77ca2067bec7c1846c52607531e43a","chunkSize":261120,"length":7722,"uploadDate":{"$date":"2019-06-08T14:49:25.277Z"}}
{"_id":{"$oid":"5cfbcb04a3127b67bcf72ded"},"filename":"/home/mes/envs/remotequad/sacredrun.py","md5":"327fd3f9ae892f85361771f9d0c6df51","chunkSize":261120,"length":7722,"uploadDate":{"$date":"2019-06-08T14:49:40.214Z"}}
{"_id":{"$oid":"5cfbcb12a3127b688a82f35d"},"filename":"/home/mes/envs/remotequad/sacredrun.py","md5":"17f527f8b94c1124fe6faaeed22c31a9","chunkSize":261120,"length":7722,"uploadDate":{"$date":"2019-06-08T14:49:54.068Z"}}
{"_id":{"$oid":"5cfbcb30a3127b695724c138"},"filename":"/home/mes/envs/remotequad/sacredrun.py","md5":"9bfdde796fcf9b0ff17ec0c8de78caf3","chunkSize":261120,"length":7715,"uploadDate":{"$date":"2019-06-08T14:50:24.244Z"}}
{"_id":{"$oid":"5cfbcb56a3127b6a6571add8"},"filename":"/home/mes/envs/remotequad/sacredrun.py","md5":"e7dc403b4f66a5b8cd891b06f757825c","chunkSize":261120,"length":7687,"uploadDate":{"$date":"2019-06-08T14:51:02.642Z"}}
{"_id":{"$oid":"5cfcd15fa3127b19d3f8fdac"},"filename":"/home/mes/envs/remotequad/agents/agent_mountaincar.py","md5":"f497eb4458559cf3cab6e850e8bdf1de","chunkSize":261120,"length":11309,"uploadDate":{"$date":"2019-06-09T09:29:03.171Z"}}
{"_id":{"$oid":"5cfcd15fa3127b19d3f8fdae"},"filename":"/home/mes/envs/remotequad/sacred_mountain.py","md5":"03f10ec663901b18d5f77d031661e402","chunkSize":261120,"length":3813,"uploadDate":{"$date":"2019-06-09T09:29:03.174Z"}}
